{
  "labels": [
    "BAD",
    "CALL",
    "GOOD",
    "HELLO",
    "LOVE",
    "MILK"
  ],
  "num_classes": 6,
  "feature_columns": [
    "hand_mode",
    "recorded_hand",
    "R.Thumb",
    "R.Index",
    "R.Middle",
    "R.Ring",
    "R.Pinky",
    "L.Thumb",
    "L.Index",
    "L.Middle",
    "L.Ring",
    "L.Pinky",
    "aX1",
    "aY1",
    "aZ1",
    "gX1",
    "gY1",
    "gZ1",
    "aX2",
    "aY2",
    "aZ2",
    "gX2",
    "gY2",
    "gZ2"
  ],
  "num_features": 24,
  "normalization": {
    "mean": [
      0.12246247380971909,
      0.2823214828968048,
      0.9286211133003235,
      0.9216740131378174,
      0.30552342534065247,
      0.07790973782539368,
      0.2510356605052948,
      0.4318930506706238,
      0.3264157474040985,
      0.3022610545158386,
      0.3107241690158844,
      0.3594018518924713,
      -0.0540921576321125,
      0.5081364512443542,
      -0.29987582564353943,
      0.6552258133888245,
      2.2231242656707764,
      -0.8577268123626709,
      0.8096105456352234,
      0.27316421270370483,
      -0.7844749093055725,
      0.6660862565040588
    ],
    "std": [
      0.31779229640960693,
      0.4155094027519226,
      0.2550479471683502,
      0.2685945928096771,
      0.4598345458507538,
      0.26792532205581665,
      0.32620736956596375,
      0.4814278483390808,
      0.3887125253677368,
      0.40687328577041626,
      0.4971770942211151,
      0.6090098023414612,
      0.4210303723812103,
      0.3168679177761078,
      0.4010298252105713,
      0.2896389961242676,
      14.053945541381836,
      19.214460372924805,
      14.156166076660156,
      15.004490852355957,
      6.6947150230407715,
      11.107132911682129
    ]
  },
  "test_accuracy": 1.0,
  "trained_date": "2026-04-21T20:12:15.226358"
}